fecha,producto,cantidad,precio
2025-01-01,Monitor,5,187.34
2025-01-01,Smartphone,5,509.69
2025-01-01,Mouse,3,23.0
2025-01-01,Teclado,5,61.21
2025-01-01,Smartphone,3,452.06
2025-01-01,Mouse,4,27.19
2025-01-01,Mouse,4,23.42
2025-01-01,Monitor,2,200.99
2025-01-01,Monitor,1,191.65
2025-01-01,Teclado,2,54.56
2025-01-01,Monitor,3,195.3
2025-01-02,Smartphone,1,454.65
2025-01-02,Teclado,5,59.41
2025-01-02,Mouse,4,27.21
2025-01-02,Webcam,2,48.85
2025-01-02,Mouse,5,23.65
2025-01-02,Monitor,4,184.88
2025-01-02,Auriculares,3,86.55
2025-01-02,Monitor,2,206.5
2025-01-03,Webcam,2,50.68
2025-01-03,Auriculares,2,84.4
2025-01-03,Mouse,2,26.97
2025-01-03,Webcam,4,45.45
2025-01-03,Smartphone,5,488.87
2025-01-03,Mouse,5,25.43
2025-01-04,Monitor,4,201.71
2025-01-04,Laptop,5,848.35
2025-01-04,Laptop,1,877.9
2025-01-04,Smartphone,1,469.87
2025-01-04,Smartphone,3,469.88
2025-01-04,Smartphone,3,529.02
2025-01-04,Teclado,5,65.12
2025-01-04,Mouse,1,27.07
2025-01-04,Laptop,4,772.94
2025-01-04,Smartphone,5,522.96
2025-01-04,Smartphone,3,506.12
2025-01-04,Teclado,5,65.66
2025-01-04,Teclado,1,62.66
2025-01-05,Tablet,3,301.36
2025-01-05,Tablet,2,271.53
2025-01-05,Auriculares,3,72.5
2025-01-05,Tablet,1,288.86
2025-01-05,Smartphone,4,540.76
2025-01-05,Tablet,5,302.39
2025-01-05,Auriculares,4,87.09
2025-01-05,Tablet,3,311.69
2025-01-05,Monitor,2,204.97
2025-01-05,Webcam,1,46.05
2025-01-05,Monitor,4,188.74
2025-01-06,Webcam,3,48.24
2025-01-06,Tablet,4,291.38
2025-01-06,Webcam,1,47.72
2025-01-06,Teclado,1,63.82
2025-01-06,Laptop,3,721.11
2025-01-06,Smartphone,3,491.74
2025-01-06,Auriculares,1,73.92
2025-01-06,Monitor,3,192.93
2025-01-07,Laptop,4,778.18
2025-01-07,Laptop,2,873.99
2025-01-07,Webcam,2,52.12
2025-01-07,Auriculares,1,87.96
2025-01-07,Teclado,1,65.72
2025-01-07,Monitor,5,193.8
2025-01-07,Laptop,3,828.91
2025-01-07,Auriculares,4,79.16
2025-01-07,Webcam,4,45.81
2025-01-07,Smartphone,3,474.22
2025-01-07,Webcam,5,51.32
2025-01-07,Webcam,3,53.16
2025-01-08,Laptop,4,801.31
2025-01-08,Smartphone,5,535.84
2025-01-08,Monitor,3,188.81
2025-01-08,Mouse,3,26.55
2025-01-08,Monitor,4,217.62
2025-01-09,Smartphone,2,533.77
2025-01-09,Teclado,4,62.82
2025-01-09,Mouse,2,23.79
2025-01-09,Monitor,2,219.29
2025-01-09,Monitor,4,190.43
2025-01-09,Laptop,4,809.33
2025-01-09,Smartphone,3,468.87
2025-01-09,Laptop,3,832.06
2025-01-09,Smartphone,3,535.63
2025-01-09,Webcam,1,51.42
2025-01-09,Teclado,1,55.94
2025-01-09,Webcam,4,50.81
2025-01-10,Teclado,1,54.06
2025-01-10,Smartphone,2,498.56
2025-01-10,Teclado,5,56.69
2025-01-10,Laptop,4,757.96
2025-01-10,Auriculares,4,77.86
2025-01-10,Smartphone,3,515.76
2025-01-10,Laptop,4,801.41
2025-01-10,Webcam,5,49.87
2025-01-10,Smartphone,3,493.44
2025-01-10,Auriculares,1,81.23
2025-01-10,Smartphone,1,469.52
2025-01-10,Auriculares,3,81.15
2025-01-10,Smartphone,1,454.36
2025-01-11,Webcam,3,52.48
2025-01-11,Auriculares,5,78.85
2025-01-11,Auriculares,3,87.69
2025-01-11,Monitor,5,195.4
2025-01-11,Tablet,1,289.02
2025-01-11,Smartphone,2,505.68
2025-01-11,Tablet,2,325.8
2025-01-11,Webcam,2,51.15
2025-01-11,Webcam,2,47.54
2025-01-12,Mouse,2,26.2
2025-01-12,Laptop,1,832.4
2025-01-12,Smartphone,5,479.65
2025-01-12,Mouse,3,23.78
2025-01-12,Smartphone,5,458.16
2025-01-12,Tablet,1,307.67
2025-01-12,Monitor,1,182.84
2025-01-12,Webcam,4,53.87
2025-01-12,Tablet,4,304.73
2025-01-12,Smartphone,3,496.56
2025-01-12,Tablet,5,320.34
2025-01-12,Mouse,1,22.69
2025-01-12,Webcam,3,46.27
2025-01-12,Laptop,5,763.45
2025-01-13,Tablet,4,320.52
2025-01-13,Smartphone,4,491.14
2025-01-13,Teclado,4,55.59
2025-01-13,Mouse,4,26.07
2025-01-13,Teclado,1,58.79
2025-01-13,Teclado,4,62.93
2025-01-13,Mouse,5,23.42
2025-01-13,Webcam,1,51.88
2025-01-13,Laptop,2,866.43
2025-01-14,Smartphone,1,516.02
2025-01-14,Auriculares,1,87.28
2025-01-14,Tablet,5,306.7
2025-01-14,Tablet,3,284.86
2025-01-14,Smartphone,3,525.78
2025-01-14,Laptop,5,738.57
2025-01-15,Tablet,1,288.68
2025-01-15,Webcam,4,46.75
2025-01-15,Smartphone,2,526.34
2025-01-15,Auriculares,4,74.77
2025-01-15,Webcam,5,48.99
2025-01-15,Mouse,5,26.93
2025-01-15,Monitor,2,205.03
2025-01-15,Mouse,1,25.2
2025-01-15,Auriculares,4,81.85
2025-01-16,Mouse,1,26.84
2025-01-16,Smartphone,3,530.09
2025-01-16,Monitor,2,202.93
2025-01-16,Laptop,1,849.79
2025-01-16,Teclado,5,61.51
2025-01-16,Laptop,1,824.24
2025-01-16,Teclado,4,57.29
2025-01-16,Monitor,2,181.56
2025-01-16,Mouse,3,24.18
2025-01-16,Mouse,5,26.72
2025-01-16,Mouse,2,23.8
2025-01-17,Monitor,2,207.87
2025-01-17,Auriculares,3,86.04
2025-01-17,Monitor,1,212.14
2025-01-17,Laptop,4,748.39
2025-01-17,Laptop,3,878.48
2025-01-17,Smartphone,4,487.2
2025-01-17,Tablet,5,284.32
2025-01-17,Tablet,5,314.39
2025-01-17,Teclado,1,58.53
2025-01-17,Laptop,4,852.23
2025-01-17,Webcam,5,53.96
2025-01-18,Monitor,4,218.34
2025-01-18,Teclado,4,58.26
2025-01-18,Monitor,4,202.94
2025-01-18,Tablet,5,275.5
2025-01-18,Monitor,1,202.15
2025-01-19,Monitor,5,211.66
2025-01-19,Laptop,5,868.95
2025-01-19,Mouse,2,24.71
2025-01-19,Tablet,5,291.05
2025-01-19,Mouse,4,25.94
2025-01-19,Mouse,4,26.83
2025-01-19,Webcam,5,47.23
2025-01-19,Laptop,2,862.7
2025-01-19,Mouse,5,25.07
2025-01-20,Teclado,5,58.45
2025-01-20,Monitor,1,217.89
2025-01-20,Laptop,5,840.54
2025-01-20,Webcam,4,45.84
2025-01-20,Auriculares,4,80.93
2025-01-20,Teclado,2,64.88
2025-01-20,Tablet,3,285.22
2025-01-20,Mouse,4,25.36
2025-01-20,Monitor,4,210.69
2025-01-20,Tablet,1,314.65
2025-01-21,Auriculares,4,87.39
2025-01-21,Tablet,4,287.14
2025-01-21,Smartphone,1,472.36
2025-01-21,Webcam,2,45.12
2025-01-21,Smartphone,5,454.32
2025-01-21,Auriculares,5,87.89
2025-01-21,Auriculares,4,80.86
2025-01-22,Laptop,2,746.59
2025-01-22,Laptop,1,820.41
2025-01-22,Webcam,3,54.01
2025-01-22,Laptop,3,764.95
2025-01-22,Smartphone,4,460.68
2025-01-22,Auriculares,2,75.01
2025-01-22,Mouse,2,23.65
2025-01-22,Monitor,4,194.41
2025-01-23,Smartphone,3,519.82
2025-01-23,Laptop,1,769.52
2025-01-23,Monitor,5,207.39
2025-01-23,Auriculares,5,86.57
2025-01-23,Auriculares,2,78.67
2025-01-23,Auriculares,1,78.69
2025-01-23,Smartphone,2,505.16
2025-01-23,Auriculares,1,84.44
2025-01-24,Smartphone,1,487.67
2025-01-24,Mouse,1,27.35
2025-01-24,Teclado,1,64.06
2025-01-24,Mouse,1,24.57
2025-01-24,Laptop,5,729.02
2025-01-24,Webcam,4,53.13
2025-01-25,Webcam,3,50.55
2025-01-25,Auriculares,5,87.12
2025-01-25,Mouse,3,23.74
2025-01-25,Webcam,1,46.29
2025-01-25,Teclado,5,61.27
2025-01-25,Webcam,1,51.72
2025-01-25,Smartphone,2,485.82
2025-01-25,Smartphone,2,499.82
2025-01-25,Webcam,3,50.2
2025-01-26,Webcam,4,50.61
2025-01-26,Webcam,3,49.03
2025-01-26,Smartphone,5,512.03
2025-01-26,Mouse,3,23.56
2025-01-26,Webcam,4,54.8
2025-01-27,Mouse,2,24.46
2025-01-27,Teclado,3,64.85
2025-01-27,Monitor,1,200.56
2025-01-27,Smartphone,4,479.8
2025-01-27,Mouse,3,25.99
2025-01-27,Auriculares,4,79.35
2025-01-28,Mouse,1,23.79
2025-01-28,Smartphone,5,548.0
2025-01-28,Auriculares,2,77.26
2025-01-28,Teclado,3,56.88
2025-01-28,Teclado,1,59.52
2025-01-29,Webcam,4,46.82
2025-01-29,Smartphone,1,539.68
2025-01-29,Teclado,3,62.01
2025-01-29,Mouse,5,23.46
2025-01-29,Teclado,5,56.03
2025-01-29,Monitor,2,187.08
2025-01-29,Auriculares,1,80.55
2025-01-29,Monitor,2,215.77
2025-01-29,Laptop,2,830.46
2025-01-29,Laptop,2,847.91
2025-01-29,Laptop,3,867.34
2025-01-29,Auriculares,1,76.43
2025-01-29,Laptop,1,815.56
2025-01-29,Monitor,2,210.4
2025-01-29,Webcam,2,52.47
2025-01-30,Smartphone,3,521.33
2025-01-30,Tablet,3,301.93
2025-01-30,Auriculares,2,79.16
2025-01-30,Teclado,3,56.91
2025-01-30,Laptop,5,749.17
2025-01-30,Tablet,1,320.44
2025-01-30,Webcam,2,50.35
2025-01-30,Laptop,1,774.87
2025-01-30,Laptop,4,776.82
2025-01-30,Laptop,5,796.73
2025-01-30,Monitor,2,202.31
2025-01-30,Smartphone,1,506.45
2025-01-30,Mouse,1,24.19
2025-01-30,Monitor,2,204.3
2025-01-30,Teclado,3,65.84
2025-01-31,Laptop,1,721.21
2025-01-31,Auriculares,4,85.61
2025-01-31,Webcam,1,45.8
2025-01-31,Teclado,5,65.79
2025-01-31,Tablet,2,304.56
2025-01-31,Teclado,4,54.06
2025-01-31,Webcam,1,49.91
2025-01-31,Webcam,3,53.21
2025-01-31,Mouse,3,25.36
2025-02-01,Auriculares,4,75.28
2025-02-01,Mouse,4,24.63
2025-02-01,Laptop,4,758.79
2025-02-01,Tablet,1,306.64
2025-02-01,Smartphone,5,500.61
2025-02-01,Tablet,4,289.24
2025-02-01,Teclado,1,58.43
2025-02-02,Mouse,5,22.82
2025-02-02,Monitor,2,192.89
2025-02-02,Mouse,4,23.77
2025-02-02,Auriculares,1,84.16
2025-02-02,Teclado,3,58.19
2025-02-02,Laptop,5,852.9
2025-02-02,Monitor,2,184.97
2025-02-02,Smartphone,3,543.83
2025-02-02,Monitor,3,182.66
2025-02-02,Smartphone,4,534.18
2025-02-02,Smartphone,3,529.53
2025-02-02,Webcam,4,46.64
2025-02-03,Auriculares,5,75.77
2025-02-03,Webcam,2,54.08
2025-02-03,Laptop,5,814.13
2025-02-03,Mouse,3,25.62
2025-02-03,Laptop,1,757.15
2025-02-03,Laptop,2,806.97
2025-02-03,Smartphone,3,504.28
2025-02-03,Webcam,3,51.28
2025-02-03,Smartphone,2,463.93
2025-02-04,Monitor,3,211.54
2025-02-04,Webcam,1,48.12
2025-02-04,Auriculares,3,83.9
2025-02-04,Webcam,4,50.7
2025-02-04,Mouse,5,26.88
2025-02-05,Webcam,5,46.11
2025-02-05,Monitor,5,185.1
2025-02-05,Smartphone,5,503.99
2025-02-05,Auriculares,4,83.56
2025-02-05,Mouse,3,25.71
2025-02-06,Monitor,4,208.65
2025-02-06,Teclado,5,63.92
2025-02-06,Webcam,2,48.43
2025-02-06,Webcam,2,54.47
2025-02-06,Monitor,2,203.45
2025-02-06,Webcam,2,51.11
2025-02-06,Tablet,4,305.58
2025-02-07,Smartphone,4,529.01
2025-02-07,Auriculares,2,84.34
2025-02-07,Tablet,2,274.14
2025-02-07,Teclado,5,55.25
2025-02-07,Laptop,3,792.13
2025-02-07,Webcam,5,54.85
2025-02-07,Webcam,4,46.25
2025-02-07,Laptop,1,859.18
2025-02-08,Teclado,5,58.55
2025-02-08,Auriculares,1,75.29
2025-02-08,Laptop,5,816.6
2025-02-08,Teclado,4,60.45
2025-02-08,Teclado,2,59.59
2025-02-08,Teclado,2,65.02
2025-02-08,Smartphone,3,453.28
2025-02-08,Teclado,3,56.98
2025-02-08,Laptop,4,787.03
2025-02-08,Smartphone,1,486.24
2025-02-08,Tablet,3,307.94
2025-02-09,Auriculares,1,74.85
2025-02-09,Monitor,1,185.95
2025-02-09,Webcam,4,50.35
2025-02-09,Smartphone,1,479.96
2025-02-09,Smartphone,5,489.73
2025-02-09,Teclado,3,63.6
2025-02-10,Auriculares,5,79.55
2025-02-10,Smartphone,3,456.57
2025-02-10,Webcam,3,49.53
2025-02-10,Mouse,4,24.91
2025-02-10,Webcam,3,46.55
2025-02-11,Smartphone,5,457.55
2025-02-11,Teclado,2,57.25
2025-02-11,Webcam,2,49.09
2025-02-11,Tablet,4,320.39
2025-02-11,Tablet,5,294.48
2025-02-12,Tablet,3,283.86
2025-02-12,Teclado,5,61.14
2025-02-12,Laptop,5,748.57
2025-02-12,Laptop,4,758.11
2025-02-12,Mouse,3,23.72
2025-02-12,Webcam,3,54.63
2025-02-12,Monitor,5,185.64
2025-02-12,Webcam,2,45.13
2025-02-12,Tablet,1,282.47
2025-02-12,Teclado,5,64.52
2025-02-12,Auriculares,4,83.26
2025-02-12,Laptop,5,774.69
2025-02-12,Mouse,2,24.32
2025-02-13,Monitor,4,204.97
2025-02-13,Webcam,1,49.36
2025-02-13,Monitor,3,217.94
2025-02-13,Webcam,4,46.4
2025-02-13,Mouse,3,26.97
2025-02-13,Smartphone,1,498.48
2025-02-13,Laptop,1,806.66
2025-02-13,Auriculares,1,76.13
2025-02-13,Webcam,3,49.22
2025-02-13,Mouse,2,27.0
2025-02-13,Mouse,5,22.59
2025-02-14,Smartphone,5,531.51
2025-02-14,Laptop,2,808.67
2025-02-14,Laptop,2,835.23
2025-02-14,Auriculares,2,74.24
2025-02-14,Teclado,1,57.2
2025-02-14,Teclado,2,61.21
2025-02-15,Auriculares,2,86.63
2025-02-15,Mouse,5,24.42
2025-02-15,Mouse,2,23.33
2025-02-15,Teclado,1,54.99
2025-02-15,Monitor,3,189.81
2025-02-15,Auriculares,3,76.62
2025-02-15,Smartphone,4,521.9
2025-02-15,Tablet,3,326.96
2025-02-15,Tablet,5,299.03
2025-02-15,Mouse,4,25.2
2025-02-15,Teclado,3,64.1
2025-02-15,Laptop,3,815.49
2025-02-15,Mouse,1,26.35
2025-02-16,Laptop,1,776.25
2025-02-16,Laptop,1,832.79
2025-02-16,Smartphone,2,495.97
2025-02-16,Teclado,3,54.93
2025-02-16,Monitor,4,218.71
2025-02-16,Webcam,2,46.03
2025-02-16,Auriculares,4,84.92
2025-02-16,Laptop,5,846.4
2025-02-16,Laptop,1,749.62
2025-02-17,Teclado,5,63.11
2025-02-17,Auriculares,1,86.45
2025-02-17,Monitor,3,219.51
2025-02-17,Auriculares,2,72.63
2025-02-17,Mouse,1,23.4
2025-02-17,Auriculares,2,77.01
2025-02-17,Tablet,5,313.86
2025-02-17,Teclado,2,59.06
2025-02-17,Auriculares,2,83.92
2025-02-17,Monitor,3,192.76
2025-02-17,Mouse,1,25.75
2025-02-17,Smartphone,3,506.07
2025-02-18,Teclado,5,60.36
2025-02-18,Mouse,4,25.36
2025-02-18,Smartphone,1,503.84
2025-02-18,Webcam,1,52.38
2025-02-18,Laptop,5,818.54
2025-02-18,Webcam,2,45.24
2025-02-19,Mouse,3,26.87
2025-02-19,Auriculares,2,87.03
2025-02-19,Teclado,3,65.98
2025-02-19,Monitor,5,210.69
2025-02-19,Auriculares,5,79.68
2025-02-19,Smartphone,4,548.41
2025-02-19,Mouse,1,24.18
2025-02-19,Monitor,5,209.29
2025-02-19,Laptop,3,794.77
2025-02-19,Smartphone,2,479.63
2025-02-19,Webcam,5,45.42
2025-02-19,Laptop,5,878.04
2025-02-19,Laptop,1,782.66
2025-02-19,Monitor,4,218.26
2025-02-20,Auriculares,5,73.43
2025-02-20,Webcam,3,54.04
2025-02-20,Mouse,1,26.22
2025-02-20,Monitor,3,196.06
2025-02-20,Auriculares,5,85.29
2025-02-20,Webcam,2,45.47
2025-02-20,Laptop,2,725.88
2025-02-20,Mouse,3,26.63
2025-02-20,Auriculares,5,82.08
2025-02-21,Laptop,1,868.44
2025-02-21,Mouse,1,23.37
2025-02-21,Mouse,3,26.29
2025-02-21,Webcam,1,46.54
2025-02-21,Smartphone,3,472.44
2025-02-21,Smartphone,5,503.7
2025-02-21,Laptop,4,812.81
2025-02-21,Mouse,3,26.89
2025-02-21,Teclado,3,55.55
2025-02-21,Laptop,3,872.9
2025-02-21,Monitor,2,212.38
2025-02-22,Laptop,5,837.63
2025-02-22,Mouse,4,24.36
2025-02-22,Smartphone,3,522.34
2025-02-22,Mouse,2,22.91
2025-02-22,Monitor,5,215.78
2025-02-22,Auriculares,1,72.98
2025-02-22,Auriculares,5,86.5
2025-02-22,Teclado,2,60.53
2025-02-22,Auriculares,5,83.74
2025-02-22,Smartphone,3,536.82
2025-02-22,Monitor,1,186.29
2025-02-22,Smartphone,1,483.4
2025-02-23,Auriculares,2,73.69
2025-02-23,Teclado,4,55.9
2025-02-23,Teclado,5,64.46
2025-02-23,Teclado,2,55.55
2025-02-23,Teclado,5,62.92
2025-02-23,Tablet,2,319.08
2025-02-23,Webcam,5,50.07
2025-02-23,Tablet,2,287.22
2025-02-23,Webcam,3,54.81
2025-02-23,Laptop,2,821.44
2025-02-23,Smartphone,5,527.98
2025-02-23,Webcam,3,52.61
2025-02-23,Mouse,1,27.31
2025-02-24,Auriculares,4,74.78
2025-02-24,Monitor,2,217.89
2025-02-24,Smartphone,1,527.1
2025-02-24,Laptop,2,795.77
2025-02-24,Webcam,2,45.75
2025-02-24,Mouse,2,27.45
2025-02-24,Tablet,5,296.76
2025-02-24,Teclado,3,61.13
2025-02-24,Monitor,5,180.88
2025-02-25,Tablet,3,285.15
2025-02-25,Tablet,2,279.54
2025-02-25,Mouse,5,27.22
2025-02-25,Teclado,5,64.25
2025-02-25,Tablet,5,311.62
2025-02-25,Monitor,2,210.91
2025-02-25,Monitor,3,190.93
2025-02-25,Laptop,4,725.01
2025-02-25,Auriculares,5,86.55
2025-02-25,Auriculares,3,87.43
2025-02-26,Laptop,5,877.44
2025-02-26,Laptop,2,863.06
2025-02-26,Tablet,2,282.79
2025-02-26,Smartphone,1,515.17
2025-02-26,Monitor,2,214.57
2025-02-26,Smartphone,3,546.82
2025-02-26,Webcam,1,53.69
2025-02-27,Smartphone,3,534.48
2025-02-27,Monitor,3,211.87
2025-02-27,Monitor,5,216.47
2025-02-27,Mouse,3,23.43
2025-02-27,Tablet,1,270.07
2025-02-27,Tablet,1,306.44
2025-02-27,Monitor,4,202.34
2025-02-27,Smartphone,1,466.08
2025-02-27,Webcam,5,47.69
2025-02-28,Smartphone,3,548.44
2025-02-28,Laptop,5,731.59
2025-02-28,Smartphone,2,497.99
2025-02-28,Tablet,3,311.7
2025-02-28,Laptop,4,844.78
2025-02-28,Smartphone,3,498.05
2025-02-28,Smartphone,1,474.2
2025-02-28,Laptop,4,832.39
2025-02-28,Mouse,2,24.13
2025-02-28,Mouse,1,22.94
2025-02-28,Auriculares,1,85.19
2025-02-28,Mouse,2,27.39
2025-03-01,Webcam,2,53.01
2025-03-01,Mouse,2,23.34
2025-03-01,Laptop,3,739.88
2025-03-01,Teclado,1,65.23
2025-03-01,Tablet,1,312.54
2025-03-01,Smartphone,2,512.53
2025-03-01,Monitor,3,199.38
2025-03-01,Teclado,4,60.64
2025-03-01,Webcam,2,52.84
2025-03-01,Tablet,3,272.45
2025-03-01,Monitor,2,197.54
2025-03-01,Mouse,4,23.74
2025-03-01,Auriculares,1,85.95
2025-03-01,Mouse,3,27.38
2025-03-02,Auriculares,5,84.64
2025-03-02,Tablet,3,279.7
2025-03-02,Webcam,2,51.53
2025-03-02,Auriculares,1,79.89
2025-03-02,Monitor,2,196.13
2025-03-02,Auriculares,5,78.69
2025-03-02,Tablet,1,320.43
2025-03-02,Laptop,5,836.35
2025-03-03,Monitor,5,193.84
2025-03-03,Monitor,4,200.19
2025-03-03,Mouse,1,25.07
2025-03-03,Laptop,4,724.7
2025-03-03,Mouse,4,26.87
2025-03-03,Mouse,4,24.61
2025-03-03,Mouse,3,25.46
2025-03-03,Webcam,5,47.11
2025-03-03,Auriculares,2,82.1
2025-03-03,Tablet,1,277.89
2025-03-03,Smartphone,4,540.9
2025-03-03,Tablet,2,284.25
2025-03-04,Tablet,5,321.26
2025-03-04,Auriculares,1,75.96
2025-03-04,Monitor,5,197.81
2025-03-04,Smartphone,1,516.26
2025-03-04,Tablet,1,293.46
2025-03-04,Laptop,4,761.3
2025-03-05,Auriculares,1,84.38
2025-03-05,Smartphone,4,546.98
2025-03-05,Tablet,3,323.02
2025-03-05,Webcam,2,49.49
2025-03-05,Monitor,1,197.24
2025-03-05,Monitor,3,217.94
2025-03-05,Laptop,4,780.7
2025-03-05,Teclado,5,58.28
2025-03-05,Monitor,5,211.27
2025-03-06,Monitor,4,214.57
2025-03-06,Webcam,4,50.4
2025-03-06,Monitor,2,219.47
2025-03-06,Laptop,5,869.86
2025-03-06,Auriculares,1,73.95
2025-03-06,Webcam,5,54.34
2025-03-06,Auriculares,1,80.12
2025-03-06,Webcam,4,46.48
2025-03-06,Auriculares,2,87.44
2025-03-06,Teclado,2,57.88
2025-03-06,Auriculares,1,81.28
2025-03-06,Smartphone,3,498.88
2025-03-07,Monitor,5,185.74
2025-03-07,Mouse,2,26.16
2025-03-07,Smartphone,2,468.83
2025-03-07,Tablet,5,296.63
2025-03-07,Auriculares,2,82.59
2025-03-07,Tablet,2,292.46
2025-03-07,Webcam,2,47.44
2025-03-07,Mouse,1,22.65
2025-03-07,Smartphone,1,518.95
2025-03-07,Laptop,1,754.51
2025-03-08,Smartphone,5,507.72
2025-03-08,Webcam,4,46.59
2025-03-08,Smartphone,1,536.64
2025-03-08,Laptop,5,845.18
2025-03-08,Auriculares,1,73.75
2025-03-08,Mouse,5,26.33
2025-03-08,Monitor,3,212.31
2025-03-08,Mouse,5,26.49
2025-03-08,Teclado,5,63.81
2025-03-09,Webcam,1,48.28
2025-03-09,Laptop,4,817.57
2025-03-09,Tablet,5,292.83
2025-03-09,Auriculares,1,81.54
2025-03-09,Smartphone,1,494.44
2025-03-09,Webcam,2,50.87
2025-03-09,Smartphone,2,525.93
2025-03-09,Laptop,3,806.78
2025-03-09,Smartphone,2,497.92
2025-03-09,Auriculares,5,77.46
2025-03-09,Monitor,5,195.95
2025-03-09,Auriculares,4,79.63
2025-03-10,Smartphone,2,521.55
2025-03-10,Teclado,5,63.87
2025-03-10,Teclado,5,64.78
2025-03-10,Laptop,4,868.33
2025-03-10,Tablet,4,326.07
2025-03-10,Webcam,3,46.01
2025-03-10,Auriculares,4,76.11
2025-03-10,Monitor,3,217.18
2025-03-10,Monitor,3,203.24
2025-03-10,Mouse,4,26.09
2025-03-10,Mouse,1,27.38
2025-03-10,Mouse,1,25.11
2025-03-10,Tablet,4,280.89
2025-03-10,Auriculares,1,81.08
2025-03-10,Mouse,4,24.62
2025-03-11,Tablet,1,292.41
2025-03-11,Auriculares,2,73.8
2025-03-11,Auriculares,5,86.15
2025-03-11,Laptop,2,753.93
2025-03-11,Mouse,2,24.3
2025-03-11,Mouse,1,23.68
2025-03-11,Auriculares,4,76.4
2025-03-11,Teclado,4,59.08
2025-03-11,Mouse,1,22.98
2025-03-11,Monitor,2,198.07
2025-03-12,Auriculares,1,83.79
2025-03-12,Mouse,1,23.58
2025-03-12,Laptop,5,822.72
2025-03-12,Monitor,3,189.28
2025-03-12,Webcam,5,50.94
2025-03-12,Webcam,1,54.88
2025-03-13,Tablet,5,310.55
2025-03-13,Mouse,5,26.09
2025-03-13,Laptop,3,878.6
2025-03-13,Monitor,3,204.13
2025-03-13,Webcam,2,54.06
2025-03-13,Auriculares,4,73.37
2025-03-13,Laptop,4,750.7
2025-03-14,Laptop,3,774.97
2025-03-14,Tablet,4,296.54
2025-03-14,Monitor,2,206.78
2025-03-14,Monitor,3,205.61
2025-03-14,Smartphone,2,518.01
2025-03-14,Monitor,5,198.27
2025-03-14,Webcam,2,54.94
2025-03-14,Mouse,1,27.48
2025-03-14,Tablet,4,273.61
2025-03-14,Monitor,2,218.31
2025-03-14,Auriculares,5,83.04
2025-03-14,Laptop,2,735.47
2025-03-15,Tablet,4,290.85
2025-03-15,Monitor,4,199.0
2025-03-15,Webcam,5,46.2
2025-03-15,Teclado,5,62.85
2025-03-15,Smartphone,4,474.37
2025-03-15,Webcam,5,45.93
2025-03-15,Webcam,2,52.88
2025-03-15,Smartphone,1,510.85
2025-03-15,Monitor,4,208.35
2025-03-15,Webcam,4,48.03
2025-03-15,Mouse,5,24.3
2025-03-15,Auriculares,2,86.99
2025-03-15,Laptop,1,768.88
2025-03-16,Webcam,2,51.01
2025-03-16,Tablet,3,317.18
2025-03-16,Tablet,4,321.09
2025-03-16,Mouse,4,27.15
2025-03-16,Mouse,2,25.64
2025-03-16,Webcam,2,53.68
2025-03-16,Webcam,3,52.9
2025-03-16,Monitor,1,192.9
2025-03-17,Mouse,3,25.97
2025-03-17,Mouse,4,25.37
2025-03-17,Mouse,1,25.38
2025-03-17,Auriculares,1,86.76
2025-03-17,Webcam,1,51.06
2025-03-17,Webcam,5,48.18
2025-03-17,Teclado,1,63.9
2025-03-18,Mouse,5,22.63
2025-03-18,Laptop,4,732.79
2025-03-18,Monitor,4,192.47
2025-03-18,Webcam,4,49.4
2025-03-18,Monitor,5,180.71
2025-03-18,Mouse,4,24.32
2025-03-18,Tablet,3,303.87
2025-03-18,Mouse,2,23.56
2025-03-18,Webcam,3,52.54
2025-03-19,Tablet,1,295.82
2025-03-19,Laptop,3,731.94
2025-03-19,Monitor,3,187.11
2025-03-19,Smartphone,4,511.81
2025-03-19,Monitor,1,189.31
2025-03-19,Monitor,4,186.95
2025-03-19,Monitor,4,213.92
2025-03-19,Mouse,5,26.93
2025-03-19,Webcam,5,48.54
2025-03-19,Teclado,4,59.78
2025-03-19,Tablet,5,293.22
2025-03-19,Auriculares,2,74.14
2025-03-20,Webcam,5,52.6
2025-03-20,Mouse,5,23.58
2025-03-20,Auriculares,2,75.86
2025-03-20,Auriculares,5,84.82
2025-03-20,Auriculares,4,77.94
2025-03-20,Laptop,4,823.37
2025-03-20,Auriculares,4,76.26
2025-03-20,Auriculares,2,74.04
2025-03-20,Mouse,4,23.72
2025-03-21,Smartphone,3,487.59
2025-03-21,Monitor,5,198.38
2025-03-21,Auriculares,2,86.27
2025-03-21,Laptop,1,825.39
2025-03-21,Laptop,1,849.42
2025-03-21,Smartphone,5,477.94
2025-03-22,Mouse,4,26.41
2025-03-22,Monitor,3,199.82
2025-03-22,Smartphone,3,495.01
2025-03-22,Laptop,1,730.66
2025-03-22,Smartphone,5,465.02
2025-03-22,Smartphone,4,501.22
2025-03-23,Smartphone,5,453.8
2025-03-23,Tablet,3,309.54
2025-03-23,Teclado,3,54.15
2025-03-23,Auriculares,4,83.8
2025-03-23,Mouse,4,24.25
2025-03-23,Tablet,3,309.68
2025-03-23,Monitor,3,186.96
2025-03-23,Auriculares,5,82.56
2025-03-23,Smartphone,2,452.09
2025-03-24,Tablet,1,328.56
2025-03-24,Tablet,2,270.63
2025-03-24,Monitor,4,210.99
2025-03-24,Laptop,1,804.85
2025-03-24,Webcam,2,48.22
2025-03-25,Monitor,3,219.2
2025-03-25,Webcam,5,50.82
2025-03-25,Tablet,4,279.4
2025-03-25,Mouse,1,27.14
2025-03-25,Tablet,1,292.33
2025-03-25,Teclado,4,58.66
2025-03-25,Mouse,4,23.7
2025-03-25,Auriculares,4,75.16
2025-03-26,Smartphone,5,478.59
2025-03-26,Smartphone,1,475.84
2025-03-26,Tablet,2,308.16
2025-03-26,Webcam,5,54.78
2025-03-26,Webcam,4,45.54
2025-03-27,Webcam,3,47.69
2025-03-27,Monitor,5,209.12
2025-03-27,Mouse,5,25.93
2025-03-27,Monitor,3,218.61
2025-03-27,Tablet,3,279.04
2025-03-27,Monitor,5,196.54
2025-03-27,Auriculares,5,83.89
2025-03-27,Teclado,3,55.82
2025-03-27,Webcam,4,51.36
2025-03-27,Smartphone,5,466.01
2025-03-28,Mouse,1,26.21
2025-03-28,Teclado,1,57.33
2025-03-28,Teclado,2,61.89
2025-03-28,Laptop,2,838.78
2025-03-28,Webcam,3,46.88
2025-03-28,Laptop,5,806.19
2025-03-28,Monitor,2,210.44
2025-03-28,Webcam,4,52.46
2025-03-28,Webcam,1,54.58
2025-03-28,Laptop,4,772.31
2025-03-28,Teclado,3,65.96
2025-03-28,Monitor,5,205.73
2025-03-28,Mouse,3,23.19
2025-03-28,Webcam,5,45.02
2025-03-29,Auriculares,2,81.91
2025-03-29,Monitor,4,211.77
2025-03-29,Monitor,1,203.53
2025-03-29,Monitor,5,205.69
2025-03-29,Smartphone,5,508.0
2025-03-29,Tablet,4,303.64
2025-03-29,Webcam,2,50.99
2025-03-29,Teclado,4,63.9
2025-03-29,Laptop,3,729.37
2025-03-29,Auriculares,4,84.56
2025-03-29,Webcam,5,52.89
2025-03-30,Smartphone,5,464.75
2025-03-30,Tablet,1,296.04
2025-03-30,Mouse,4,22.81
2025-03-30,Monitor,3,210.66
2025-03-30,Laptop,4,767.91
2025-03-30,Laptop,1,822.01
2025-03-30,Monitor,3,207.44
2025-03-31,Tablet,1,327.02
2025-03-31,Auriculares,1,81.05
2025-03-31,Mouse,2,23.33
2025-03-31,Teclado,1,61.03
2025-03-31,Webcam,5,51.98
2025-03-31,Teclado,5,63.39
2025-03-31,Teclado,2,64.23
2025-03-31,Mouse,3,24.38
2025-03-31,Smartphone,5,498.09
2025-03-31,Auriculares,2,87.0
2025-03-31,Monitor,2,183.22
2025-03-31,Tablet,2,324.56
2025-03-31,Smartphone,1,450.7
2025-03-31,Laptop,4,741.02
2025-03-31,Laptop,4,825.11
2025-04-01,Auriculares,4,72.71
2025-04-01,Webcam,4,47.76
2025-04-01,Tablet,4,317.23
2025-04-01,Mouse,2,26.72
2025-04-01,Webcam,4,46.56
2025-04-01,Monitor,3,182.51
2025-04-01,Mouse,3,23.2
2025-04-01,Monitor,2,196.44
2025-04-02,Webcam,2,52.32
2025-04-02,Teclado,4,55.54
2025-04-02,Smartphone,5,455.23
2025-04-02,Monitor,1,199.78
2025-04-02,Auriculares,2,74.32
2025-04-02,Tablet,2,281.47
2025-04-02,Laptop,3,769.39
2025-04-02,Auriculares,4,77.59
2025-04-02,Laptop,1,744.2
2025-04-02,Monitor,2,183.55
2025-04-02,Webcam,1,50.23
2025-04-03,Monitor,2,201.7
2025-04-03,Tablet,1,302.61
2025-04-03,Webcam,2,49.85
2025-04-03,Auriculares,5,87.13
2025-04-03,Smartphone,1,516.9
2025-04-03,Mouse,3,25.75
2025-04-04,Monitor,4,194.24
2025-04-04,Teclado,3,63.44
2025-04-04,Smartphone,5,466.47
2025-04-04,Tablet,4,315.41
2025-04-04,Webcam,5,51.6
2025-04-04,Monitor,4,190.22
2025-04-04,Auriculares,1,80.96
2025-04-04,Monitor,2,202.32
2025-04-04,Mouse,1,22.97
2025-04-04,Teclado,4,60.46
2025-04-05,Teclado,4,59.42
2025-04-05,Teclado,2,55.12
2025-04-05,Auriculares,3,75.13
2025-04-05,Monitor,2,183.76
2025-04-05,Monitor,4,210.3
2025-04-05,Auriculares,5,77.0
2025-04-05,Laptop,2,745.27
2025-04-05,Monitor,4,186.64
2025-04-06,Auriculares,3,86.35
2025-04-06,Teclado,1,61.18
2025-04-06,Tablet,5,313.96
2025-04-06,Smartphone,3,481.32
2025-04-06,Webcam,3,53.82
2025-04-06,Monitor,3,200.21
2025-04-06,Smartphone,1,491.78
2025-04-07,Auriculares,5,83.6
2025-04-07,Mouse,4,27.49
2025-04-07,Mouse,3,23.31
2025-04-07,Teclado,5,60.72
2025-04-07,Laptop,4,835.1
2025-04-07,Mouse,2,22.9
2025-04-07,Auriculares,3,75.0
2025-04-07,Auriculares,1,85.11
2025-04-07,Mouse,3,26.3
2025-04-07,Laptop,3,864.21
2025-04-07,Monitor,4,192.56
2025-04-08,Mouse,3,26.9
2025-04-08,Webcam,2,47.44
2025-04-08,Monitor,2,184.03
2025-04-08,Auriculares,3,74.27
2025-04-08,Laptop,3,792.06
2025-04-08,Mouse,3,25.76
2025-04-08,Smartphone,1,534.14
2025-04-08,Teclado,3,61.61
2025-04-08,Monitor,5,207.05
2025-04-08,Mouse,3,25.93
2025-04-08,Monitor,1,206.21
2025-04-08,Laptop,3,831.06
2025-04-09,Tablet,5,271.99
2025-04-09,Auriculares,5,82.45
2025-04-09,Webcam,4,53.71
2025-04-09,Tablet,1,317.31
2025-04-09,Auriculares,2,82.41
2025-04-09,Webcam,3,45.0
2025-04-09,Teclado,3,58.68
2025-04-09,Webcam,4,48.82
2025-04-09,Webcam,3,49.13
2025-04-09,Tablet,3,295.35
2025-04-09,Laptop,2,874.6
2025-04-09,Webcam,1,47.92
2025-04-09,Teclado,3,63.05
2025-04-10,Monitor,4,219.27
2025-04-10,Webcam,1,48.05
2025-04-10,Tablet,1,286.89
2025-04-10,Tablet,4,276.75
2025-04-10,Webcam,5,50.41
2025-04-10,Smartphone,1,474.19
2025-04-10,Smartphone,1,496.88
2025-04-10,Laptop,3,731.88
2025-04-10,Laptop,3,836.84
2025-04-10,Laptop,4,730.32
2025-04-10,Monitor,2,206.71
2025-04-10,Webcam,1,54.89
2025-04-10,Tablet,5,320.29
2025-04-11,Teclado,2,60.88
2025-04-11,Auriculares,5,76.04
2025-04-11,Auriculares,3,79.81
2025-04-11,Auriculares,5,80.4
2025-04-11,Laptop,4,858.97
2025-04-11,Mouse,1,22.63
2025-04-11,Tablet,4,324.64
2025-04-12,Teclado,2,55.98
2025-04-12,Webcam,5,51.31
2025-04-12,Monitor,1,208.11
2025-04-12,Monitor,4,184.17
2025-04-12,Webcam,4,49.88
2025-04-12,Webcam,4,54.51
2025-04-12,Mouse,3,26.22
2025-04-12,Laptop,1,720.47
2025-04-12,Auriculares,4,81.67
2025-04-12,Teclado,3,57.32
2025-04-12,Laptop,1,773.02
2025-04-12,Laptop,3,751.38
2025-04-12,Teclado,5,59.69
2025-04-13,Auriculares,5,72.09
2025-04-13,Webcam,1,47.19
2025-04-13,Teclado,4,55.3
2025-04-13,Mouse,5,24.69
2025-04-13,Smartphone,2,479.35
2025-04-14,Laptop,5,765.53
2025-04-14,Laptop,5,775.24
2025-04-14,Tablet,1,271.78
2025-04-14,Smartphone,3,454.49
2025-04-14,Teclado,5,65.15
2025-04-14,Auriculares,1,78.24
2025-04-14,Teclado,4,64.59
2025-04-14,Auriculares,5,76.13
2025-04-14,Auriculares,1,85.18
2025-04-14,Tablet,4,319.27
2025-04-14,Smartphone,1,513.64
2025-04-14,Tablet,5,319.78
2025-04-14,Laptop,4,829.85
2025-04-15,Monitor,1,198.25
2025-04-15,Mouse,5,23.11
2025-04-15,Monitor,4,216.01
2025-04-15,Monitor,2,192.84
2025-04-15,Laptop,2,826.97
2025-04-15,Laptop,2,777.91
2025-04-16,Auriculares,2,80.03
2025-04-16,Teclado,1,61.35
2025-04-16,Monitor,3,208.96
2025-04-16,Teclado,5,64.83
2025-04-16,Webcam,3,50.34
2025-04-16,Smartphone,2,451.17
2025-04-16,Webcam,4,47.95
2025-04-16,Laptop,5,783.9
2025-04-16,Auriculares,5,84.93
2025-04-16,Tablet,1,313.75
2025-04-16,Laptop,4,781.98
2025-04-16,Teclado,2,58.85
2025-04-16,Auriculares,1,76.9
2025-04-16,Mouse,4,23.63
2025-04-16,Smartphone,3,495.01
2025-04-17,Tablet,3,304.93
2025-04-17,Mouse,3,25.51
2025-04-17,Monitor,4,207.54
2025-04-17,Tablet,2,280.01
2025-04-17,Auriculares,4,72.72
2025-04-17,Laptop,1,871.46
2025-04-17,Teclado,5,60.21
2025-04-17,Mouse,4,22.53
2025-04-17,Tablet,3,294.58
2025-04-17,Laptop,1,828.34
2025-04-17,Auriculares,2,85.47
2025-04-17,Smartphone,4,505.97
2025-04-17,Tablet,4,280.04
2025-04-18,Auriculares,3,80.51
2025-04-18,Auriculares,4,73.59
2025-04-18,Webcam,3,48.88
2025-04-18,Mouse,3,22.62
2025-04-18,Teclado,5,59.5
2025-04-18,Webcam,2,54.0
2025-04-19,Mouse,4,24.07
2025-04-19,Tablet,4,329.69
2025-04-19,Laptop,1,734.11
2025-04-19,Teclado,4,54.37
2025-04-19,Smartphone,4,548.01
2025-04-19,Laptop,1,805.16
2025-04-19,Auriculares,5,85.34
2025-04-19,Teclado,3,57.63
2025-04-19,Smartphone,5,469.46
2025-04-20,Auriculares,4,75.76
2025-04-20,Teclado,4,58.17
2025-04-20,Monitor,5,197.76
2025-04-20,Tablet,2,299.33
2025-04-20,Teclado,5,65.93
2025-04-21,Smartphone,1,529.25
2025-04-21,Teclado,5,62.77
2025-04-21,Smartphone,4,535.26
2025-04-21,Auriculares,4,86.51
2025-04-21,Tablet,3,324.57
2025-04-21,Teclado,5,59.5
2025-04-22,Auriculares,3,80.79
2025-04-22,Auriculares,1,82.89
2025-04-22,Laptop,2,871.05
2025-04-22,Laptop,3,794.03
2025-04-22,Smartphone,4,498.34
2025-04-22,Smartphone,2,499.14
2025-04-22,Teclado,1,60.75
2025-04-22,Tablet,3,300.68
2025-04-22,Laptop,3,812.36
2025-04-22,Teclado,5,65.77
2025-04-23,Monitor,3,204.08
2025-04-23,Tablet,4,318.4
2025-04-23,Teclado,1,54.71
2025-04-23,Auriculares,1,82.24
2025-04-23,Laptop,3,769.9
2025-04-23,Teclado,3,54.37
2025-04-24,Smartphone,2,497.68
2025-04-24,Auriculares,3,85.95
2025-04-24,Mouse,2,25.66
2025-04-24,Auriculares,4,84.87
2025-04-24,Smartphone,3,471.07
2025-04-24,Laptop,3,879.65
2025-04-24,Smartphone,2,532.85
2025-04-24,Tablet,3,314.27
2025-04-24,Laptop,5,838.48
2025-04-24,Auriculares,5,84.05
2025-04-24,Auriculares,4,82.54
2025-04-25,Monitor,3,204.54
2025-04-25,Smartphone,1,522.31
2025-04-25,Webcam,4,49.07
2025-04-25,Webcam,3,48.49
2025-04-25,Teclado,4,60.92
2025-04-26,Auriculares,5,73.62
2025-04-26,Webcam,2,45.77
2025-04-26,Tablet,2,317.67
2025-04-26,Smartphone,4,464.52
2025-04-26,Mouse,5,25.83
2025-04-26,Tablet,4,321.8
2025-04-27,Smartphone,3,452.2
2025-04-27,Tablet,5,320.53
2025-04-27,Laptop,1,755.08
2025-04-27,Auriculares,5,75.43
2025-04-27,Teclado,1,63.12
2025-04-27,Tablet,1,313.19
2025-04-27,Smartphone,2,508.59
2025-04-28,Webcam,4,51.37
2025-04-28,Mouse,2,26.07
2025-04-28,Monitor,5,212.16
2025-04-28,Webcam,4,46.43
2025-04-28,Tablet,2,294.09
2025-04-28,Tablet,2,278.03
2025-04-28,Mouse,3,23.86
2025-04-28,Laptop,1,720.02
2025-04-28,Mouse,5,22.73
2025-04-28,Smartphone,1,456.27
2025-04-28,Mouse,1,24.2
2025-04-28,Monitor,1,183.31
2025-04-29,Laptop,1,740.79
2025-04-29,Laptop,3,858.65
2025-04-29,Monitor,4,216.29
2025-04-29,Teclado,5,59.07
2025-04-29,Webcam,4,51.75
2025-04-29,Laptop,2,726.77
2025-04-29,Auriculares,1,86.88
2025-04-29,Laptop,2,742.26
2025-04-29,Auriculares,5,86.01
2025-04-29,Auriculares,1,76.46
2025-04-29,Teclado,1,62.11
2025-04-29,Laptop,1,736.86
2025-04-29,Teclado,3,61.73
2025-04-29,Mouse,1,24.3
2025-04-29,Smartphone,4,536.58
2025-04-30,Tablet,2,308.07
2025-04-30,Teclado,4,54.03
2025-04-30,Tablet,1,281.16
2025-04-30,Auriculares,5,78.65
2025-04-30,Mouse,1,25.79
2025-04-30,Teclado,1,63.55
2025-04-30,Tablet,5,272.16
2025-05-01,Smartphone,4,523.86
2025-05-01,Monitor,4,182.09
2025-05-01,Monitor,1,215.61
2025-05-01,Monitor,3,194.71
2025-05-01,Laptop,1,737.84
2025-05-01,Mouse,5,23.84
2025-05-01,Auriculares,2,72.24
2025-05-01,Auriculares,2,72.31
2025-05-01,Monitor,2,181.26
2025-05-01,Teclado,1,64.87
2025-05-01,Monitor,5,198.56
2025-05-01,Monitor,2,200.76
2025-05-01,Webcam,1,48.12
2025-05-02,Smartphone,4,547.6
2025-05-02,Teclado,5,54.92
2025-05-02,Tablet,1,277.21
2025-05-02,Webcam,5,48.42
2025-05-02,Tablet,2,283.4
2025-05-03,Webcam,4,45.01
2025-05-03,Teclado,5,61.76
2025-05-03,Tablet,4,320.82
2025-05-03,Laptop,3,852.76
2025-05-03,Tablet,1,287.47
2025-05-03,Auriculares,3,76.85
2025-05-03,Teclado,5,56.74
2025-05-03,Mouse,2,24.92
2025-05-03,Tablet,4,298.43
2025-05-03,Mouse,4,27.29
2025-05-03,Laptop,5,804.92
2025-05-03,Monitor,2,205.78
2025-05-03,Smartphone,4,527.69
2025-05-04,Teclado,2,56.35
2025-05-04,Mouse,1,25.61
2025-05-04,Mouse,3,25.39
2025-05-04,Teclado,5,63.73
2025-05-04,Smartphone,4,488.82
2025-05-05,Teclado,1,58.14
2025-05-05,Monitor,4,201.55
2025-05-05,Tablet,1,311.4
2025-05-05,Mouse,1,27.15
2025-05-05,Monitor,4,189.21
2025-05-05,Smartphone,1,545.79
2025-05-05,Teclado,2,56.9
2025-05-05,Auriculares,2,82.87
2025-05-05,Auriculares,2,80.75
2025-05-05,Webcam,5,49.59
2025-05-05,Teclado,5,59.78
2025-05-05,Auriculares,3,82.79
2025-05-05,Laptop,3,846.9
2025-05-05,Teclado,4,61.91
2025-05-05,Laptop,4,872.23
2025-05-06,Smartphone,3,548.11
2025-05-06,Laptop,4,761.53
2025-05-06,Laptop,2,814.97
2025-05-06,Tablet,2,328.87
2025-05-06,Monitor,4,211.7
2025-05-06,Teclado,5,65.32
2025-05-06,Teclado,3,60.26
2025-05-06,Mouse,2,26.29
2025-05-06,Auriculares,2,79.63
2025-05-06,Smartphone,4,474.73
2025-05-06,Laptop,3,826.66
2025-05-06,Teclado,4,60.78
2025-05-07,Auriculares,4,72.19
2025-05-07,Mouse,4,24.29
2025-05-07,Smartphone,4,472.87
2025-05-07,Teclado,5,56.66
2025-05-07,Monitor,2,200.59
2025-05-07,Smartphone,3,475.38
2025-05-07,Teclado,1,58.83
2025-05-07,Monitor,5,180.02
2025-05-07,Monitor,1,186.15
2025-05-07,Tablet,3,327.29
2025-05-08,Smartphone,1,526.1
2025-05-08,Laptop,3,782.79
2025-05-08,Auriculares,3,72.92
2025-05-08,Tablet,3,286.53
2025-05-08,Laptop,2,878.79
2025-05-09,Auriculares,3,78.65
2025-05-09,Laptop,2,864.36
2025-05-09,Mouse,5,27.37
2025-05-09,Tablet,2,320.39
2025-05-09,Laptop,1,756.59
2025-05-09,Laptop,1,743.71
2025-05-09,Smartphone,5,472.49
2025-05-09,Monitor,5,208.77
2025-05-10,Teclado,5,60.2
2025-05-10,Mouse,3,23.91
2025-05-10,Monitor,2,215.7
2025-05-10,Auriculares,4,85.17
2025-05-10,Monitor,2,188.19
2025-05-10,Auriculares,1,76.73
2025-05-10,Smartphone,4,513.6
2025-05-10,Teclado,4,57.54
2025-05-10,Teclado,5,59.52
2025-05-10,Tablet,3,320.15
2025-05-10,Auriculares,4,83.1
2025-05-10,Smartphone,2,532.48
2025-05-11,Laptop,1,806.26
2025-05-11,Smartphone,4,492.52
2025-05-11,Auriculares,5,84.25
2025-05-11,Laptop,5,786.65
2025-05-11,Webcam,5,52.23
2025-05-11,Smartphone,5,480.39
2025-05-12,Smartphone,3,455.19
2025-05-12,Monitor,4,192.4
2025-05-12,Teclado,4,62.9
2025-05-12,Auriculares,5,78.76
2025-05-12,Mouse,5,26.06
2025-05-12,Teclado,3,56.18
2025-05-12,Webcam,3,55.0
2025-05-13,Tablet,5,302.55
2025-05-13,Smartphone,1,488.07
2025-05-13,Tablet,2,312.56
2025-05-13,Teclado,2,63.37
2025-05-13,Laptop,1,872.36
2025-05-13,Mouse,1,24.31
2025-05-13,Smartphone,4,513.22
2025-05-13,Teclado,5,60.72
2025-05-14,Laptop,1,747.53
2025-05-14,Laptop,1,791.81
2025-05-14,Mouse,3,26.52
2025-05-14,Tablet,2,313.74
2025-05-14,Webcam,1,47.74
2025-05-15,Laptop,5,742.75
2025-05-15,Webcam,4,54.79
2025-05-15,Teclado,1,62.41
2025-05-15,Monitor,5,217.88
2025-05-15,Laptop,1,780.88
2025-05-15,Tablet,4,317.17
2025-05-15,Smartphone,4,488.44
2025-05-15,Teclado,3,64.07
2025-05-15,Smartphone,2,511.59
2025-05-15,Mouse,5,22.99
2025-05-15,Smartphone,3,500.11
2025-05-15,Webcam,1,50.34
2025-05-15,Smartphone,3,492.96
2025-05-15,Auriculares,3,79.72
2025-05-15,Smartphone,5,546.15
2025-05-16,Teclado,4,56.72
2025-05-16,Teclado,2,63.71
2025-05-16,Tablet,4,307.5
2025-05-16,Mouse,3,25.01
2025-05-16,Smartphone,3,535.07
2025-05-16,Tablet,3,307.68
2025-05-16,Monitor,4,187.48
2025-05-17,Teclado,5,58.24
2025-05-17,Laptop,1,788.89
2025-05-17,Monitor,5,182.73
2025-05-17,Teclado,1,57.43
2025-05-17,Smartphone,1,518.54
2025-05-17,Auriculares,3,72.91
2025-05-17,Tablet,4,328.92
2025-05-17,Monitor,3,211.41
2025-05-17,Auriculares,4,76.45
2025-05-18,Tablet,2,324.88
2025-05-18,Smartphone,2,495.01
2025-05-18,Mouse,1,23.02
2025-05-18,Mouse,5,27.39
2025-05-18,Laptop,5,750.37
2025-05-18,Monitor,1,188.18
2025-05-19,Monitor,3,204.22
2025-05-19,Mouse,1,26.2
2025-05-19,Mouse,4,25.25
2025-05-19,Webcam,2,51.04
2025-05-19,Tablet,3,274.54
2025-05-20,Monitor,3,197.21
2025-05-20,Monitor,4,198.32
2025-05-20,Teclado,2,57.21
2025-05-20,Mouse,3,24.37
2025-05-20,Teclado,2,59.41
2025-05-20,Smartphone,1,502.58
2025-05-20,Teclado,4,54.02
2025-05-20,Monitor,1,184.68
2025-05-20,Laptop,2,817.96
2025-05-20,Teclado,3,64.6
2025-05-21,Smartphone,4,520.11
2025-05-21,Laptop,5,785.3
2025-05-21,Laptop,5,813.27
2025-05-21,Laptop,1,792.04
2025-05-21,Laptop,2,783.85
2025-05-21,Auriculares,2,83.83
2025-05-21,Webcam,1,49.98
2025-05-21,Teclado,2,55.11
2025-05-21,Teclado,5,64.97
2025-05-21,Monitor,4,197.38
2025-05-21,Laptop,3,721.45
2025-05-21,Smartphone,4,511.33
2025-05-21,Laptop,1,758.72
2025-05-21,Monitor,5,183.66
2025-05-21,Laptop,5,860.4
2025-05-22,Tablet,1,282.86
2025-05-22,Auriculares,3,75.96
2025-05-22,Smartphone,3,495.89
2025-05-22,Teclado,2,61.17
2025-05-22,Smartphone,2,487.22
2025-05-22,Tablet,2,323.1
2025-05-22,Tablet,3,299.61
2025-05-22,Tablet,5,317.21
2025-05-23,Mouse,1,23.77
2025-05-23,Teclado,3,63.25
2025-05-23,Laptop,1,752.99
2025-05-23,Teclado,1,58.0
2025-05-23,Monitor,4,216.61
2025-05-23,Auriculares,1,72.56
2025-05-23,Teclado,5,58.94
2025-05-24,Teclado,3,62.47
2025-05-24,Mouse,4,25.18
2025-05-24,Teclado,5,63.41
2025-05-24,Mouse,2,25.0
2025-05-24,Smartphone,3,509.88
2025-05-24,Auriculares,4,81.44
2025-05-24,Tablet,5,298.17
2025-05-24,Smartphone,4,471.0
2025-05-24,Laptop,3,785.55
2025-05-24,Mouse,1,23.8
2025-05-24,Webcam,5,46.6
2025-05-24,Auriculares,1,74.97
2025-05-24,Auriculares,2,86.11
2025-05-24,Auriculares,4,79.14
2025-05-25,Auriculares,1,76.96
2025-05-25,Monitor,3,200.6
2025-05-25,Tablet,1,291.41
2025-05-25,Tablet,2,319.71
2025-05-25,Laptop,5,769.25
2025-05-25,Smartphone,5,482.67
2025-05-25,Mouse,1,25.03
2025-05-25,Tablet,1,289.12
2025-05-26,Webcam,3,53.29
2025-05-26,Tablet,1,321.53
2025-05-26,Mouse,1,24.22
2025-05-26,Smartphone,3,491.45
2025-05-26,Tablet,1,279.62
2025-05-26,Auriculares,5,83.55
2025-05-26,Monitor,5,186.61
2025-05-26,Smartphone,5,521.87
2025-05-26,Webcam,4,50.15
2025-05-26,Webcam,1,48.45
2025-05-26,Webcam,3,52.32
2025-05-26,Teclado,2,58.25
2025-05-26,Monitor,3,188.89
2025-05-27,Mouse,4,24.06
2025-05-27,Tablet,3,290.14
2025-05-27,Webcam,4,50.72
2025-05-27,Teclado,5,58.98
2025-05-27,Laptop,1,806.54
2025-05-27,Mouse,2,23.36
2025-05-27,Mouse,2,24.56
2025-05-27,Webcam,1,51.31
2025-05-27,Smartphone,5,519.66
2025-05-27,Auriculares,5,77.4
2025-05-27,Smartphone,2,501.23
2025-05-27,Auriculares,5,84.24
2025-05-27,Teclado,2,60.09
2025-05-28,Laptop,1,817.81
2025-05-28,Teclado,1,62.08
2025-05-28,Teclado,5,61.54
2025-05-28,Smartphone,2,475.33
2025-05-28,Laptop,4,831.56
2025-05-28,Smartphone,1,496.51
2025-05-28,Webcam,1,49.85
2025-05-28,Teclado,1,60.38
2025-05-28,Auriculares,3,85.13
2025-05-29,Auriculares,3,72.21
2025-05-29,Webcam,1,53.04
2025-05-29,Teclado,2,54.8
2025-05-29,Webcam,4,46.82
2025-05-29,Smartphone,4,534.79
2025-05-29,Monitor,1,219.27
2025-05-29,Mouse,2,25.07
2025-05-29,Webcam,4,54.97
2025-05-29,Teclado,2,57.85
2025-05-29,Teclado,3,58.21
2025-05-29,Smartphone,3,520.66
2025-05-29,Monitor,3,194.78
2025-05-29,Teclado,2,58.2
2025-05-30,Webcam,3,53.31
2025-05-30,Smartphone,1,487.32
2025-05-30,Tablet,4,275.72
2025-05-30,Smartphone,1,508.1
2025-05-30,Laptop,2,807.69
2025-05-30,Smartphone,5,485.02
2025-05-30,Smartphone,2,525.85
2025-05-30,Teclado,5,56.49
2025-05-30,Monitor,5,195.46
2025-05-30,Monitor,1,193.88
2025-05-30,Webcam,5,46.59
2025-05-30,Smartphone,3,493.32
2025-05-30,Mouse,4,26.76
2025-05-30,Auriculares,2,76.91
2025-05-30,Auriculares,5,83.4
2025-05-31,Smartphone,3,468.54
2025-05-31,Auriculares,3,85.78
2025-05-31,Webcam,4,52.24
2025-05-31,Teclado,1,61.02
2025-05-31,Mouse,4,24.72
2025-05-31,Tablet,2,327.51
2025-05-31,Laptop,1,762.25
2025-05-31,Webcam,3,51.36
2025-05-31,Laptop,5,852.15
2025-05-31,Auriculares,2,76.46
2025-05-31,Teclado,4,63.89
2025-05-31,Mouse,5,26.57
2025-06-01,Smartphone,4,527.37
2025-06-01,Monitor,4,186.02
2025-06-01,Smartphone,1,496.4
2025-06-01,Webcam,5,53.79
2025-06-01,Teclado,5,61.56
2025-06-01,Webcam,2,52.84
2025-06-01,Laptop,3,802.27
2025-06-01,Tablet,5,296.19
2025-06-02,Mouse,2,26.24
2025-06-02,Laptop,5,730.76
2025-06-02,Smartphone,3,549.89
2025-06-02,Teclado,5,62.98
2025-06-02,Smartphone,5,535.8
2025-06-02,Auriculares,3,75.86
2025-06-02,Tablet,5,289.09
2025-06-02,Teclado,4,64.7
2025-06-02,Auriculares,3,78.5
2025-06-02,Webcam,4,51.54
2025-06-03,Webcam,2,52.06
2025-06-03,Monitor,3,180.21
2025-06-03,Teclado,5,64.37
2025-06-03,Mouse,3,25.4
2025-06-03,Auriculares,5,84.11
2025-06-03,Teclado,2,62.49
2025-06-03,Teclado,1,56.75
2025-06-04,Tablet,3,325.75
2025-06-04,Tablet,4,301.66
2025-06-04,Teclado,5,65.95
2025-06-04,Monitor,2,205.98
2025-06-04,Laptop,2,834.42
2025-06-04,Laptop,3,871.87
2025-06-04,Auriculares,2,77.8
2025-06-05,Mouse,3,23.34
2025-06-05,Auriculares,1,82.31
2025-06-05,Laptop,1,731.17
2025-06-05,Webcam,3,52.48
2025-06-05,Tablet,4,294.83
2025-06-05,Smartphone,4,454.23
2025-06-05,Mouse,1,26.69
2025-06-05,Webcam,2,45.19
2025-06-05,Smartphone,1,510.97
2025-06-05,Teclado,4,59.46
2025-06-06,Webcam,3,51.39
2025-06-06,Mouse,5,23.27
2025-06-06,Auriculares,1,76.43
2025-06-06,Monitor,2,209.62
2025-06-06,Monitor,3,182.08
2025-06-06,Smartphone,5,492.33
2025-06-06,Webcam,1,51.07
2025-06-06,Monitor,3,188.45
2025-06-07,Tablet,3,314.25
2025-06-07,Smartphone,1,549.72
2025-06-07,Monitor,5,215.89
2025-06-07,Tablet,1,297.9
2025-06-07,Tablet,5,273.74
2025-06-07,Monitor,4,182.68
2025-06-07,Tablet,4,319.02
2025-06-07,Smartphone,2,543.8
2025-06-07,Teclado,3,63.47
2025-06-07,Tablet,4,280.09
2025-06-07,Teclado,4,54.66
2025-06-07,Smartphone,2,457.48
2025-06-07,Tablet,5,301.79
2025-06-07,Auriculares,1,87.48
2025-06-07,Smartphone,4,477.84
2025-06-08,Teclado,5,56.79
2025-06-08,Monitor,2,190.26
2025-06-08,Laptop,4,827.84
2025-06-08,Smartphone,4,471.05
2025-06-08,Webcam,4,46.47
2025-06-08,Smartphone,2,532.93
2025-06-08,Teclado,4,61.41
2025-06-08,Webcam,5,49.78
2025-06-08,Mouse,3,22.52
2025-06-08,Monitor,1,197.67
2025-06-08,Tablet,2,319.34
2025-06-08,Mouse,5,24.59
2025-06-09,Webcam,5,48.47
2025-06-09,Mouse,3,27.46
2025-06-09,Laptop,2,770.22
2025-06-09,Tablet,5,329.37
2025-06-09,Laptop,4,722.53
2025-06-09,Auriculares,2,79.53
2025-06-09,Laptop,4,797.31
2025-06-09,Teclado,4,58.34
2025-06-09,Teclado,2,55.48
2025-06-09,Tablet,4,294.97
2025-06-09,Smartphone,5,538.99
2025-06-09,Laptop,5,801.62
2025-06-09,Auriculares,1,80.21
2025-06-10,Monitor,4,202.11
2025-06-10,Laptop,5,825.87
2025-06-10,Webcam,4,46.65
2025-06-10,Teclado,4,59.89
2025-06-10,Webcam,2,54.03
2025-06-10,Smartphone,5,507.66
2025-06-10,Tablet,1,317.14
2025-06-10,Smartphone,3,543.89
2025-06-10,Smartphone,3,483.75
2025-06-10,Teclado,5,63.55
2025-06-11,Laptop,1,760.42
2025-06-11,Auriculares,2,80.35
2025-06-11,Tablet,4,270.04
2025-06-11,Tablet,2,317.56
2025-06-11,Monitor,4,210.01
2025-06-11,Webcam,4,49.58
2025-06-11,Tablet,5,275.63
2025-06-11,Mouse,2,27.24
2025-06-12,Webcam,3,47.38
2025-06-12,Teclado,5,59.62
2025-06-12,Laptop,4,841.69
2025-06-12,Smartphone,2,526.04
2025-06-12,Tablet,1,312.24
2025-06-12,Auriculares,2,78.37
2025-06-12,Webcam,2,46.71
2025-06-12,Auriculares,5,72.73
2025-06-12,Laptop,3,818.42
2025-06-12,Laptop,4,801.58
2025-06-12,Tablet,5,273.01
2025-06-13,Webcam,1,53.53
2025-06-13,Laptop,1,847.36
2025-06-13,Teclado,2,56.59
2025-06-13,Smartphone,4,522.46
2025-06-13,Webcam,1,51.08
2025-06-13,Smartphone,3,467.35
2025-06-13,Laptop,3,848.23
2025-06-13,Webcam,3,52.51
2025-06-14,Tablet,1,282.65
2025-06-14,Mouse,5,26.78
2025-06-14,Smartphone,2,481.8
2025-06-14,Auriculares,3,80.4
2025-06-14,Laptop,1,757.51
2025-06-14,Teclado,1,57.99
2025-06-14,Mouse,3,25.69
2025-06-14,Teclado,1,61.84
2025-06-14,Smartphone,4,534.81
2025-06-14,Tablet,5,323.09
2025-06-14,Monitor,2,216.52
2025-06-14,Monitor,2,198.22
2025-06-14,Mouse,1,26.03
2025-06-14,Tablet,4,329.41
2025-06-14,Mouse,4,24.2
2025-06-15,Smartphone,3,534.95
2025-06-15,Mouse,2,27.46
2025-06-15,Laptop,4,749.72
2025-06-15,Smartphone,2,542.86
2025-06-15,Monitor,3,183.69
2025-06-15,Smartphone,4,477.29
2025-06-15,Tablet,5,296.8
2025-06-15,Mouse,3,23.73
2025-06-15,Webcam,2,54.05
2025-06-15,Monitor,2,187.09
2025-06-15,Smartphone,5,461.48
2025-06-15,Teclado,1,54.08
2025-06-16,Auriculares,4,78.58
2025-06-16,Mouse,2,26.98
2025-06-16,Tablet,4,288.83
2025-06-16,Tablet,1,296.4
2025-06-16,Mouse,3,24.21
2025-06-16,Laptop,4,852.95
2025-06-16,Webcam,5,52.35
2025-06-16,Laptop,4,766.07
2025-06-16,Tablet,2,288.0
2025-06-16,Monitor,1,186.58
2025-06-16,Laptop,2,807.47
2025-06-16,Laptop,3,775.03
2025-06-16,Tablet,4,304.89
2025-06-17,Monitor,3,202.66
2025-06-17,Tablet,3,294.65
2025-06-17,Mouse,1,27.21
2025-06-17,Smartphone,3,530.1
2025-06-17,Auriculares,2,81.23
2025-06-17,Tablet,5,277.12
2025-06-17,Auriculares,5,75.62
2025-06-17,Teclado,2,62.87
2025-06-17,Monitor,3,206.35
2025-06-18,Mouse,5,25.34
2025-06-18,Tablet,5,284.77
2025-06-18,Monitor,2,211.74
2025-06-18,Tablet,2,295.87
2025-06-18,Tablet,2,273.02
2025-06-18,Monitor,1,207.68
2025-06-18,Tablet,5,306.84
2025-06-18,Laptop,1,812.42
2025-06-18,Webcam,2,53.24
2025-06-18,Laptop,3,776.13
2025-06-18,Smartphone,1,482.82
2025-06-19,Auriculares,1,85.35
2025-06-19,Smartphone,5,534.09
2025-06-19,Webcam,5,50.76
2025-06-19,Auriculares,3,84.5
2025-06-19,Tablet,5,282.25
2025-06-19,Monitor,5,217.35
2025-06-19,Laptop,1,816.27
2025-06-19,Tablet,5,288.71
2025-06-19,Webcam,3,51.56
2025-06-19,Mouse,4,25.31
2025-06-19,Webcam,5,47.24
2025-06-19,Monitor,3,210.94
2025-06-19,Tablet,4,311.6
2025-06-19,Teclado,3,56.78
2025-06-20,Smartphone,2,533.36
2025-06-20,Smartphone,5,493.82
2025-06-20,Tablet,3,327.74
2025-06-20,Teclado,4,58.96
2025-06-20,Mouse,5,22.85
2025-06-20,Tablet,4,303.38
2025-06-20,Smartphone,4,540.72
2025-06-21,Auriculares,2,74.69
2025-06-21,Auriculares,2,80.91
2025-06-21,Webcam,3,47.62
2025-06-21,Tablet,5,320.19
2025-06-21,Tablet,4,324.99
2025-06-21,Mouse,5,25.65
2025-06-21,Teclado,2,57.78
2025-06-21,Mouse,5,26.4
2025-06-22,Monitor,2,212.98
2025-06-22,Auriculares,5,72.13
2025-06-22,Smartphone,2,473.71
2025-06-22,Monitor,4,210.73
2025-06-22,Webcam,2,53.44
2025-06-22,Smartphone,2,501.41
2025-06-22,Auriculares,2,81.17
2025-06-22,Smartphone,3,505.94
2025-06-22,Mouse,3,26.06
2025-06-22,Smartphone,4,482.43
2025-06-22,Laptop,1,753.74
2025-06-23,Smartphone,3,544.68
2025-06-23,Monitor,3,198.18
2025-06-23,Mouse,3,27.49
2025-06-23,Monitor,1,197.24
2025-06-23,Teclado,1,56.38
2025-06-23,Mouse,3,26.94
2025-06-23,Auriculares,4,80.74
2025-06-23,Webcam,1,46.6
2025-06-23,Auriculares,1,84.76
2025-06-23,Mouse,1,25.95
2025-06-24,Tablet,1,273.14
2025-06-24,Teclado,4,58.03
2025-06-24,Mouse,3,23.67
2025-06-24,Auriculares,5,87.17
2025-06-24,Tablet,1,283.89
2025-06-24,Smartphone,2,542.65
2025-06-24,Mouse,2,22.75
2025-06-24,Teclado,1,54.12
2025-06-24,Teclado,5,62.77
2025-06-24,Smartphone,1,528.74
2025-06-24,Tablet,2,305.3
2025-06-25,Tablet,2,273.71
2025-06-25,Teclado,3,60.79
2025-06-25,Smartphone,4,492.61
2025-06-25,Webcam,3,53.06
2025-06-25,Auriculares,1,75.62
2025-06-25,Auriculares,5,73.44
2025-06-25,Monitor,4,182.02
2025-06-25,Tablet,4,287.24
2025-06-26,Smartphone,2,516.28
2025-06-26,Monitor,4,210.36
2025-06-26,Auriculares,3,79.75
2025-06-26,Tablet,4,279.68
2025-06-26,Mouse,5,26.53
2025-06-26,Teclado,4,60.57
2025-06-26,Laptop,4,785.23
2025-06-26,Smartphone,2,455.67
2025-06-26,Monitor,5,193.5
2025-06-26,Mouse,5,23.73
2025-06-26,Webcam,5,48.45
2025-06-27,Monitor,4,184.88
2025-06-27,Teclado,3,61.78
2025-06-27,Monitor,1,185.64
2025-06-27,Smartphone,4,460.56
2025-06-27,Auriculares,4,82.5
2025-06-27,Teclado,5,54.98
2025-06-27,Monitor,5,219.59
2025-06-27,Auriculares,2,79.11
2025-06-28,Monitor,3,186.76
2025-06-28,Tablet,3,304.67
2025-06-28,Auriculares,3,87.76
2025-06-28,Smartphone,2,493.44
2025-06-28,Mouse,2,25.59
2025-06-28,Smartphone,1,500.07
2025-06-28,Smartphone,5,492.96
2025-06-28,Smartphone,1,462.92
2025-06-28,Auriculares,4,81.65
2025-06-28,Tablet,2,285.22
2025-06-28,Laptop,1,798.76
2025-06-29,Tablet,4,316.86
2025-06-29,Tablet,2,306.15
2025-06-29,Monitor,4,182.44
2025-06-29,Teclado,2,62.09
2025-06-29,Auriculares,3,77.19
2025-06-30,Teclado,1,65.33
2025-06-30,Laptop,2,812.06
2025-06-30,Webcam,4,47.76
2025-06-30,Laptop,5,794.25
2025-06-30,Mouse,1,25.63
2025-06-30,Laptop,2,760.17
2025-06-30,Webcam,5,51.06
2025-06-30,Monitor,2,181.8
2025-06-30,Laptop,2,749.35
2025-06-30,Laptop,2,785.82
2025-06-30,Laptop,4,724.46
2025-06-30,Mouse,1,23.79
2025-06-30,Monitor,4,211.1
2025-06-30,Teclado,4,62.69
